,word,0,10,20,30,40,50,60,70,80,90,100
0,migrated,-2.22044604925e-16,0.0071560942135,0.00634039564349,0.00907575569784,0.0113685182184,0.00669903918867,0.00858467410196,0.0059905770911,0.00236095692863,0.00787987997262,0.00768118162599
1,being,1.11022302463e-16,0.00524794014014,0.00316183203917,0.00556701311273,0.0186079398027,0.0106687600044,0.0196278181013,0.00855894459713,0.00836364369025,0.0120026827358,0.00453772741718
2,over,1.11022302463e-16,0.00423235931733,0.00634917040969,0.0111583894225,0.00606432098413,0.00788797602732,0.013225661914,0.00927453613641,0.00829809056969,0.00880300179591,0.0059225430969
3,yellow,-2.22044604925e-16,0.0050548104146,0.00846378756717,0.00339169610456,0.00934512113941,0.01012521753,0.002895435611,0.00998394968515,0.00753364579821,0.00700860068959,0.0158604234652
4,through,-2.22044604925e-16,0.00735347974336,0.00780263615564,0.00823242248983,0.00631222242469,0.00662043640499,0.00486270886302,0.00237039087288,0.00570385485145,0.00667809306506,0.00805168468197
5,migrates,-2.22044604925e-16,0.0111729188907,0.00621794901775,0.0190325958562,0.010643468065,0.0112843334532,0.00962818399851,0.00718733730216,0.00883676141013,0.00720957074369,0.0166317446698
6,corner,0.0,0.00260797755009,0.0054260389542,0.0046701562036,0.00197235434104,0.00117481975921,0.00134572386012,0.00154374334403,0.00189921935667,0.00189545264672,0.00270239073808
7,plodding,1.11022302463e-16,0.0123495999661,0.00475769924332,0.00540606746797,0.0177503130433,0.0119396117249,0.0122749013737,0.0100979544554,0.00985979654702,0.00977498525464,0.0125393967689
8,whose,1.11022302463e-16,0.00568447895798,0.00509702140714,0.00656157498357,0.00571904464031,0.00710458268271,0.00831356104505,0.0121806863283,0.00903708558512,0.0105358780696,0.00850437097395
9,migrating,-2.22044604925e-16,0.0020594456456,0.00586115213844,0.011659411694,0.00915805041546,0.00475207489281,0.00767170137614,0.0110115406181,0.00795947195971,0.00935963164633,0.0107754020594
10,but,0.0,0.00799497644777,0.0129126756138,0.011850556203,0.016905064522,0.0106218960788,0.00776757686411,0.0162546511035,0.00985586921247,0.00740288172638,0.0107376961877
11,he,2.22044604925e-16,0.0025119826282,0.00618393324607,0.00599445415146,0.00967782910098,0.0111251609771,0.00660894243916,0.00330507839799,0.00754678000949,0.00585839652568,0.00462789798303
12,had,-2.22044604925e-16,0.00723918528546,0.00849899930465,0.0107701856552,0.00834350496129,0.00392742456248,0.00538444326773,0.00504023483813,0.0101262990054,0.00819117297086,0.00866917600429
13,should,2.22044604925e-16,0.00757787338522,0.00961945489865,0.00817997482823,0.00806626960908,0.004671693181,0.0125089365991,0.0117134903042,0.01504172119,0.00681000682703,0.00732633807494
14,chalice,-2.22044604925e-16,0.00448070725422,0.00266746539463,0.00332672943937,0.00407231649337,0.00385214833077,0.0063829029703,0.00407127317486,0.00179643002619,0.00279467001755,0.00125376094318
15,to,0.0,0.0095246231838,0.00947005515564,0.00575090482828,0.00629824081585,0.0103320641622,0.00764634956286,0.00547806734694,0.0111816957292,0.00574888516967,0.00931003159508
16,unable,1.11022302463e-16,0.0118723205323,0.0159537835992,0.00570819549206,0.0057129997718,0.00832858924661,0.00687386037839,0.00979929581221,0.00919475648646,0.00723556639097,0.0140790270086
17,riding,0.0,0.0208026228162,0.0190025384287,0.0222772766653,0.0723491250729,0.0110992157699,0.0166120344289,0.0171891263774,0.0149200890702,0.0221040443583,0.0101795468433
18,has,0.0,0.00136518985485,0.00113896138397,0.00243590774301,0.00216890974189,0.00102243853079,0.00159474619678,0.00171528140751,0.00129279643978,0.00140756430683,0.0027068269121
19,might,0.0,0.0116900252484,0.00863206497841,0.0068136039108,0.00968772349445,0.00628183612931,0.00729635698716,0.00681826071722,0.0103045246451,0.00733506229099,0.00700407053228
20,ought,0.0,0.00782557060397,0.0129185121365,0.00655568028327,0.00496679989902,0.0134227590891,0.0173064756632,0.00802433730894,0.011342982486,0.0207625839397,0.0162377431045
21,do,0.0,0.00798916182167,0.00653414314391,0.00781225341482,0.0077428783354,0.00418695889504,0.00766818688892,0.0159412228136,0.00595647331221,0.0115603312593,0.00960853918992
22,them,2.22044604925e-16,0.0132226777706,0.0151702664553,0.00942563439386,0.00516874364488,0.00888926560424,0.0087928610228,0.0062497360517,0.00726329815469,0.00943448238323,0.0112209045703
23,his,-2.22044604925e-16,0.00668708276455,0.0124108250393,0.010068793091,0.00951293312184,0.0110627084242,0.00955689474028,0.00676290166122,0.00806929093328,0.00763860145779,0.0161232096658
24,holy,-2.22044604925e-16,0.0141923073101,0.0522967632544,0.0256313188483,0.0141409344818,0.0177026297954,0.0794493912075,0.054725996165,0.0454933221376,0.0286185635164,0.0246132597899
25,goes,0.0,0.00334138955236,0.0064978233943,0.00546538090986,0.00728294968163,0.0100317058901,0.00730622921676,0.00573492671375,0.00505657604186,0.00485570990135,0.00401901593457
26,lucky,0.0,0.00425863346839,0.0151201877972,0.00655165366631,0.0118550736866,0.00915281563399,0.0114070695028,0.00547961649408,0.0198123568763,0.00482349130665,0.0159247870807
27,indigenous,0.0,0.00752209626599,0.00509609227751,0.0075390015028,0.00528881639063,0.00290138811075,0.00866078189798,0.00520460504703,0.0035710465731,0.00598867060309,0.0134562777144
28,suggesting,0.0,0.00914272421783,0.00476071710829,0.0109628197493,0.00305778748805,0.00546681706661,0.00747295703278,0.0173167930723,0.00740331966984,0.00493143226369,0.0100976320642
29,quest,0.0,0.00266567971525,0.00208119174998,0.00291482351513,0.00563901110442,0.00325707315097,0.00231634538667,0.00201736662193,0.00373265423629,0.00306136230517,0.00286653502555
30,every,-2.22044604925e-16,0.00252257769146,0.00177168814243,0.00254288883249,0.00310533902247,0.0033541625506,0.00154084986699,0.00238477966911,0.00312059553168,0.00200338929147,0.00270995882493
31,know,0.0,0.00108224099714,0.00273714639898,0.00367143065082,0.00757701529312,0.00437613565572,0.00477142974261,0.00302890018063,0.00681142418183,0.00731977380926,0.00527403763958
32,they,0.0,0.0124063184831,0.0132318295726,0.0115029659292,0.0102258363804,0.00905825696728,0.00481150548116,0.00580485355097,0.0054984311394,0.0180041337744,0.00887196084468
33,not,-2.22044604925e-16,0.00796669768206,0.0116187614503,0.00746515803952,0.00775428610305,0.00653218205662,0.00797435853894,0.00514967133202,0.00518332057855,0.00581669709845,0.00383448020429
34,drinking,0.0,0.0109676373542,0.00758633030306,0.0074371499555,0.012509923135,0.00812397528958,0.0129376393039,0.00477522646218,0.00920341641773,0.00308279542209,0.0143365427808
35,bloody,-2.22044604925e-16,0.0110197685717,0.00641205442269,0.0120906154918,0.0130555367785,0.0115858545864,0.0134721145315,0.0109711498655,0.00867848190685,0.00376233679518,0.0121918275718
36,him,0.0,0.00722194093853,0.00634999290108,0.0101340048764,0.0109091951815,0.0088700668197,0.0131809805381,0.00809166898219,0.00795034494951,0.00787491085464,0.0105756371321
37,nor,0.0,0.00645440940714,0.00973674427796,0.00736483453628,0.00992825503765,0.00550237052671,0.0161322291311,0.00914424260123,0.00776299837915,0.00913630976334,0.00516236892214
38,areas,-2.22044604925e-16,0.00356100289475,0.00800330417651,0.00325964151622,0.00412838882422,0.0033587832725,0.00888337203103,0.00801128396261,0.00537148010924,0.00404402346333,0.0104393154694
39,sensational,-2.22044604925e-16,0.007144441008,0.00256464611105,0.00954361650703,0.00554935667252,0.00652287619427,0.00347186894497,0.00806142490052,0.00671904605976,0.00663598640519,0.00889019841201
40,trustier,0.0,0.00695207220873,0.0100324299875,0.00647158563222,0.0240514765012,0.0119719457872,0.0177791597354,0.00690012220537,0.0173923183925,0.00945555500309,0.00891786534259
41,dingo,-2.22044604925e-16,0.00413224729635,0.00576077930223,0.00933391845207,0.00656504614149,0.00470736936833,0.00730947613395,0.00622321307574,0.00319064130577,0.0138444400224,0.00593555346669
42,covering,-2.22044604925e-16,0.00675469914602,0.00949649626819,0.00958156391838,0.0178053239101,0.0191356708703,0.0175397947186,0.016242200728,0.0245263013777,0.0180831606494,0.0128908723681
43,servant,0.0,0.00266037640784,0.00135696381173,0.00188620775214,0.00345699528754,0.0015469806383,0.00200591341234,0.00279463695001,0.00169095412668,0.001440177668,0.00177750058771
44,who,1.11022302463e-16,0.0131291272419,0.0166355190433,0.0157439295408,0.0194562669428,0.0206847827197,0.0244417288746,0.0151314441427,0.0137374849912,0.0281992831323,0.0149426683446
45,arthur,0.0,0.00463227008827,0.00485576914267,0.00709107061044,0.00795882262798,0.0025268734861,0.00858748595647,0.00518136432885,0.00218080530345,0.00573255226253,0.0032455239387
46,zoot,2.22044604925e-16,0.00645199401519,0.00259929260725,0.00729460699373,0.00560676715997,0.00274363380438,0.00731655441344,0.00524099119463,0.00140883308883,0.00546603529983,0.010884098092
47,swallow,0.0,0.00123097472894,0.00167358591147,0.00165444866763,0.00114043289587,0.00159047836532,0.00228898886964,0.00324213786235,0.00108015766159,0.00208470015905,0.0016154467716
48,each,1.11022302463e-16,0.00206711087832,0.00259749259113,0.00331393767777,0.00276164418933,0.00230350179254,0.0028382520896,0.00236524351753,0.00211032815285,0.00430684975547,0.00257017005097
49,where,0.0,0.00773371274181,0.00741197798472,0.00288399232151,0.00974471255349,0.00663057783464,0.00733733360592,0.00741616124618,0.0110172909903,0.00828019179579,0.00715498243061
50,round,0.0,0.0631244000273,0.031028624508,0.0613499811363,0.0667791791532,0.0109171850081,0.0687652376889,0.0747629943509,0.0564765311585,0.0178065895379,0.00384531796443
51,because,0.0,0.00666211478347,0.0168666294455,0.00604354706862,0.00769627036454,0.00630165084816,0.012431384907,0.00623099515555,0.00637108352188,0.00787018265998,0.013955029108
52,england,-2.22044604925e-16,0.00444711178871,0.00651378279776,0.00759666751661,0.00728190324925,0.0076246709134,0.00943005511273,0.00846527314572,0.0105353682172,0.00847309698188,0.0149951258766
53,snakes,0.0,0.00728439004761,0.00814897970161,0.0119407968354,0.011024352077,0.0114399532189,0.00846410593264,0.011374502908,0.0116838447663,0.0125151351843,0.00864955733679
54,weight,0.0,0.00434277381942,0.005246119156,0.00388691460128,0.00361190134073,0.00496006352516,0.00428528888916,0.00285915266222,0.00485943641969,0.00233492101206,0.00605809232857
55,camelot,-2.22044604925e-16,0.00625370695218,0.0113218564541,0.00941685551872,0.00721094059641,0.00555447175698,0.00728758885598,0.0111558059427,0.00291315323626,0.00882788523889,0.00663556759422
56,bedevere,-2.22044604925e-16,0.00360827931646,0.00884534240365,0.0163192112802,0.0051936299961,0.0100777424213,0.00313556768803,0.00602569763897,0.00344473745813,0.00450024847045,0.00187749135725
57,hard,0.0,0.00963360555196,0.00747383801821,0.0118662932561,0.0145360814569,0.00704564385233,0.0240092785958,0.00557710746899,0.00940230658324,0.00678654423489,0.0132346258419
58,pendragon,0.0,0.0127856016306,0.0544246363738,0.0227999107085,0.0143352481645,0.0143213832642,0.00985957025918,0.0200914841841,0.0088143181519,0.016083295935,0.0121993190211
59,husk,-2.22044604925e-16,0.00282513300945,0.00138408496095,0.00267891089662,0.00367194902686,0.00255688020613,0.00256780930554,0.00159169474512,0.00333621501433,0.0033077853034,0.00352889995681
60,are,1.11022302463e-16,0.00700556406509,0.00804564216098,0.00502694662195,0.00675359940071,0.00970994531461,0.0116980610851,0.0113338393257,0.0138974483363,0.0114814331267,0.0129326476794
61,home,0.0,0.00138970204578,0.0034999650192,0.00250661409024,0.00191185008297,0.00173513508694,0.00188308535058,0.00150610833864,0.00230641925194,0.00305300632988,0.00251100404432
62,drinks,0.0,0.000993418016745,0.00110951454298,0.00137738068884,0.00152012513599,0.0013149676701,0.00111684705645,0.00173679425722,0.0015001513918,0.00148467591986,0.000867452854528
63,what,0.0,0.0084468297746,0.00824576033179,0.00566838269714,0.00751106947489,0.00539659937907,0.00427445638501,0.00554104837294,0.00690935500505,0.00804291112879,0.012483688819
64,trusty,-2.22044604925e-16,0.00857148332351,0.0125424138539,0.00927447042111,0.00770182746506,0.00699977041439,0.0111299832981,0.00378430634819,0.00685411296822,0.00502543121485,0.00763033855623
65,for,-2.22044604925e-16,0.00181828644671,0.00448264150414,0.00437057609129,0.00350063728022,0.00396298781208,0.0027026199747,0.00205354844541,0.00389935549274,0.00306437097183,0.00367209112141
66,sun,0.0,0.00302555825501,0.00320188229997,0.00393263125155,0.00209582161829,0.00244525503741,0.0026268723188,0.00457210059773,0.00194197217274,0.00241013681136,0.00482813580544
67,weariest,0.0,0.00236438732285,0.00640247268622,0.00368995466396,0.0116726516027,0.00417909302194,0.00938742337738,0.00686338401742,0.00851560057209,0.0107770629819,0.00423023969645
68,currently,-2.22044604925e-16,0.00917633338503,0.00682973329212,0.00619696828947,0.0100084391449,0.00807176396671,0.0116607144302,0.00473918848775,0.00620590226971,0.00809840694493,0.0122314013972
69,near,-2.22044604925e-16,0.00103174512324,0.00274572110542,0.00238616530884,0.00261057340297,0.0023206612484,0.00363966305462,0.00163675689118,0.00124161021879,0.0022772522498,0.00211498330033
70,its,1.11022302463e-16,0.0051517955297,0.0141426689346,0.00725699199552,0.00847052594025,0.00851044784555,0.0111264063997,0.0118999803936,0.00817305080561,0.00592344134934,0.0214453511529
71,strangers,-2.22044604925e-16,0.0126004877684,0.012829536863,0.00848743003036,0.00540357919536,0.0045688204614,0.0166056571787,0.00573445349961,0.0152292175457,0.00572947950238,0.00556165751994
72,halves,-2.22044604925e-16,0.00521615352735,0.00684414762172,0.00699733580705,0.0074217456036,0.00170883030194,0.00900232454618,0.00829285865977,0.00993304401013,0.00766526177499,0.0063958631734
73,does,0.0,0.00485529428805,0.00735285257297,0.00633480021416,0.00644567837911,0.0109329345803,0.00643114621505,0.0136779280954,0.00473515418561,0.00685009849314,0.0127126373452
74,above,0.0,0.00270696123194,0.00544052695084,0.00472215648422,0.00521147877991,0.00413461833447,0.0019473980708,0.00107136082619,0.00626492544926,0.00321030584171,0.00453005198905
75,simplest,0.0,0.00634542595544,0.00862084187001,0.00816035390823,0.00886094065258,0.00469562447233,0.0161675352861,0.00664621387124,0.00645204733718,0.00813265735762,0.0149640608437
76,britons,2.22044604925e-16,0.00752658935578,0.0148836257218,0.00572673206939,0.0155644713327,0.0149037261036,0.00654455239897,0.00636076064428,0.00841982297212,0.0113074247811,0.013247368529
77,neither,-2.22044604925e-16,0.00746863564218,0.00689911079742,0.0110048434968,0.0156561815885,0.0150069257615,0.00569052399678,0.00770368993899,0.0125235710571,0.00767953652565,0.0146472839602
78,across,0.0,0.00385774387182,0.00386059343542,0.00781036119563,0.00324179850923,0.00339299176725,0.00736538933309,0.00447223060946,0.00276142656388,0.00760015969003,0.00382762732382
79,she,-2.22044604925e-16,0.00957536643639,0.00815062319301,0.00729830027995,0.00896549181909,0.0117393108877,0.0105689771724,0.00694808671732,0.0120808018925,0.0101511707385,0.0123099068826
80,knowing,0.0,0.00729214660794,0.0123675188798,0.0090753610009,0.00850552300958,0.00873034083237,0.00661652150582,0.0138191175473,0.00450763231366,0.0102322964566,0.00923249232334
81,be,1.11022302463e-16,0.00566200529009,0.0157208977088,0.00683219257637,0.0136083123834,0.00752480413926,0.0154387350304,0.0241547088957,0.0104549561339,0.0116403955798,0.0177188393673
82,comparable,0.0,0.00520387000788,0.00988357637383,0.00782765385543,0.00824664949816,0.00653160229479,0.00637549802816,0.007524429865,0.00711731999684,0.00711319870273,0.00936092944936
83,knew,0.0,0.0069060675851,0.0153228859063,0.00858044228955,0.0102991480131,0.0111401714628,0.00661005375977,0.00636697642732,0.00740826672142,0.00617168227531,0.0146881983649
84,story,3.33066907388e-16,0.00282503252401,0.00447056856421,0.00396095630415,0.00218103788938,0.00473955349812,0.00423173679652,0.00791403651833,0.00647252579197,0.00752061106819,0.00235021987459
85,weary,-2.22044604925e-16,0.021147784323,0.00393606313775,0.00745018629572,0.00923660548627,0.0118337447731,0.0048645531534,0.00901458358604,0.00693339845167,0.0102827686405,0.012149597838
86,tiniest,1.11022302463e-16,0.00376788977763,0.00594624414149,0.00865453666261,0.00444151541853,0.00396091271885,0.0122564886327,0.00700102557537,0.00828079844944,0.00849500152032,0.0118592874307
87,sixty,0.0,0.00595718735291,0.0155162056324,0.00534603144137,0.00649866641868,0.00498203316702,0.0165967998008,0.00569907641718,0.0101845149047,0.00505944912585,0.00618562446778
88,by,1.11022302463e-16,0.00162891881008,0.00366178667367,0.00281139994927,0.00265124074594,0.00181295261991,0.00260668840297,0.00330519961817,0.00294940931197,0.00257865373672,0.00152405816019
89,simpler,0.0,0.0100007521528,0.00959704971726,0.0104702309966,0.0162941728887,0.0166833883752,0.0149146105435,0.0113771215122,0.0100597453787,0.00673354861153,0.00981469171478
90,suggested,0.0,0.00263482632929,0.00701747842549,0.00489542059604,0.00778078645517,0.00995024604817,0.00905954118428,0.00759258197176,0.00888302007864,0.00708394482488,0.00446049637996
91,on,0.0,0.00883082299482,0.00787543590885,0.00675599830668,0.00956199445416,0.00638177290628,0.00484030908894,0.00171877046936,0.00416714431444,0.00793482319634,0.00684549456893
92,carried,2.22044604925e-16,0.00496530662366,0.00688686002433,0.00689051658085,0.00622928692959,0.00541808347511,0.00681754457917,0.00487174035379,0.00698452770735,0.0067057681643,0.00570125114405
93,of,1.11022302463e-16,0.00400491406992,0.00625887004998,0.00441367703385,0.00933028294858,0.00638186665443,0.0116590924335,0.00626940538044,0.00949373326591,0.00805876031511,0.00998246993794
94,could,0.0,0.0104361732077,0.0135169112428,0.00739835676116,0.0107100951061,0.00652829888221,0.00461613089096,0.00716830617361,0.00794172400721,0.0113712661858,0.0076985175313
95,lancelot,-2.22044604925e-16,0.004379296558,0.00810480014481,0.0177647164088,0.00286210749824,0.00819058851672,0.00237356375624,0.00590351610363,0.00488271924744,0.0107961696122,0.00339263893887
96,suggests,0.0,0.00658642068737,0.00557445731183,0.00600688769782,0.0115380238911,0.00563844558284,0.0199218201072,0.00723881245773,0.0099330071502,0.00717371391986,0.00874587954831
97,carries,0.0,0.00125243780206,0.00315009887246,0.00265985661461,0.00136360320642,0.00161112144368,0.00168268115786,0.00270319373214,0.00156952716933,0.00214292646858,0.00368946052129
98,inches,-2.22044604925e-16,0.00589251985302,0.00717788420267,0.00584094345784,0.0079348717014,0.0064372517882,0.0110402081779,0.00405043661552,0.00705649394183,0.00554217784382,0.0040064017103
99,grail,-4.4408920985e-16,0.0195944994428,0.0415205765272,0.0221120819911,0.0204640117341,0.0204147620186,0.0492387782364,0.0318445398474,0.0460418025696,0.0347251155107,0.0340599736233
100,castle,0.0,0.00287670327036,0.00253329263055,0.00290147149789,0.00162788873271,0.00204979491287,0.00222861360931,0.00284302299622,0.00320719030408,0.00134981398852,0.00152025064588
101,or,0.0,0.00511802257076,0.0126197134146,0.00686718459366,0.00732830026806,0.0178543488467,0.0194710949183,0.0160027728227,0.00957683403589,0.00956515409941,0.0130836068971
102,south,-2.22044604925e-16,0.00741340471725,0.00918848712915,0.00778185506737,0.00674552053741,0.016504976433,0.0106600270647,0.0119204345447,0.00417431250263,0.00298116988324,0.0113128909716
103,already,0.0,0.0111203288677,0.0144375267949,0.00951792777919,0.00997330357485,0.0108944954481,0.0082177184475,0.0114324377311,0.00964122861366,0.00535465202917,0.00868872896971
104,drunk,-2.22044604925e-16,0.00877508754254,0.00949231117082,0.00845909923863,0.00908709608539,0.00475071021212,0.0136054694877,0.00484358613405,0.0076961461655,0.00926962152936,0.00704628624448
105,simple,0.0,0.00639270061488,0.00413230942113,0.00678030685798,0.00781561879768,0.0134264471921,0.00572715602926,0.0119022478791,0.00820694438196,0.004430406267,0.0097967140679
106,into,-2.22044604925e-16,0.00403640208657,0.00247614243728,0.00467164639797,0.00242623814234,0.00137900466138,0.00404977285501,0.00439745672536,0.00281584101938,0.00412165298718,0.00401767800823
107,while,-2.22044604925e-16,0.00292411165756,0.00777873127762,0.00625603828028,0.0119262792095,0.0113967017395,0.0115020132476,0.0103832165069,0.00409253448133,0.00684510374157,0.0150962985506
108,ants,0.0,0.00996970293618,0.00479470262122,0.00646911035243,0.00768560921042,0.00695985123249,0.0116163271758,0.0107139994495,0.00837430878886,0.013183935949,0.00762027615305
109,one,0.0,0.00920067358118,0.00335094263703,0.00878874586717,0.00882286521063,0.00609513681713,0.00541536453277,0.0071891831111,0.0141515566008,0.00459798649701,0.00978049070342
110,been,0.0,0.0037003498304,0.00854326381762,0.00535171879039,0.0104951164549,0.00386065368985,0.0124835723723,0.0127629915061,0.00736482675932,0.0105237652618,0.013424142072
111,another,1.11022302463e-16,0.00205019320631,0.00255697821626,0.00200541561489,0.00338411845059,0.00265205613515,0.00208882086671,0.00225752519572,0.00104848298042,0.00145622821438,0.00159396855516
112,carry,0.0,0.00500454298973,0.0106451873503,0.00885785283309,0.00664700012479,0.00300335298833,0.0135825042527,0.00356272048715,0.00396275037496,0.008726442544,0.0159938276535
113,table,-4.4408920985e-16,0.029911911124,0.0434942744856,0.0565013739886,0.0486539708805,0.00996923000758,0.0704278417332,0.0545194493596,0.0575775198589,0.00369438647195,0.00650067896526
114,precisely,-2.22044604925e-16,0.00640890960058,0.0044698410179,0.00685394369658,0.0104858760551,0.00674219376676,0.00387013693631,0.00518858331201,0.00801991781496,0.0101842400231,0.00959444846502
115,speak,0.0,0.00836670105192,0.00947837291921,0.00679540963534,0.0141554231455,0.0099083199383,0.00424865363295,0.00586479288685,0.00547230640745,0.00581970876509,0.00654559667863
116,tropical,0.0,0.00549125143953,0.00817896924462,0.00711859539672,0.0072057153935,0.00746357340218,0.00480700597049,0.00196232569519,0.00854520717706,0.00714359017276,0.00742826828254
117,horse,2.22044604925e-16,0.00239435289269,0.00329253568696,0.00281651282405,0.00451980025595,0.00280555649982,0.000989823777121,0.00378123042776,0.00203946024659,0.00315112960582,0.00370376814911
118,from,0.0,0.00209609604663,0.00392437510018,0.00326624438153,0.00445302903673,0.00324712415214,0.00435736983054,0.0014118503781,0.00203176193618,0.00241839965943,0.00163839269009
119,spoke,0.0,0.00703661954873,0.012349735262,0.0105954013687,0.00718933404693,0.0165799335295,0.00489703033364,0.0183051686129,0.00704711587607,0.00821761641124,0.0108363532722
120,her,1.11022302463e-16,0.00556316312337,0.00947837857048,0.00754225051486,0.00722957108674,0.00537828184134,0.0100855208492,0.00485371366477,0.0119319021849,0.0040183170287,0.0110361320699
121,would,0.0,0.00577154531313,0.00573256355959,0.00398132283821,0.0178173068179,0.00795841656168,0.00676371488145,0.0123389860233,0.00601327334985,0.00893569488304,0.00656129197673
122,there,0.0,0.00515750185781,0.00890111388614,0.0108352501021,0.0208109196974,0.0108367306085,0.00869362356387,0.00754349656379,0.00486513434203,0.00355314136733,0.0103304167449
123,saxons,0.0,0.00694504492842,0.0126953279625,0.00655645260152,0.0234304227572,0.0104507576121,0.00851971870131,0.00487355197083,0.0129721608768,0.00663613075757,0.0158792934095
124,sovereign,0.0,0.0015300470864,0.00670276984636,0.00616167407612,0.00318365759975,0.00264992987716,0.00540756477315,0.00384224059598,0.00281670871514,0.00361280955495,0.00318955924846
125,tiny,1.11022302463e-16,0.00766469173167,0.00722371798491,0.00872847633411,0.0080280334633,0.00585169750133,0.00659664306746,0.0115904982608,0.00891389810014,0.0103733045548,0.00748681345463
126,grow,-2.22044604925e-16,0.00716443884282,0.00661607740387,0.00761408975547,0.00531778923766,0.00284481215993,0.00661056474284,0.0086495084877,0.00711981564225,0.00824839428606,0.0127809557406
127,bloodier,-2.22044604925e-16,0.00762056676282,0.00649054069879,0.00775450807253,0.0118378784455,0.0117218037018,0.0146848303645,0.0146770835385,0.00593716970744,0.00804106739439,0.00746237788453
128,their,0.0,0.0068146282563,0.0131206571189,0.0101227779652,0.00903643987897,0.00998945768392,0.0059667112506,0.00572422793205,0.00773069616815,0.00755105442233,0.0059597059435
129,drank,-2.22044604925e-16,0.00592165316046,0.00905260463804,0.0139591608023,0.010718638794,0.0196610793429,0.0199559103822,0.00945700605825,0.00920050709976,0.0110361870793,0.0129362122018
130,master,-2.22044604925e-16,0.00135078050701,0.00155665600951,0.00150478082644,0.00224745490668,0.00170800921622,0.00265149354318,0.00165558000709,0.00214122980532,0.00147016237748,0.00401927135885
131,which,0.0,0.00649643296454,0.0130908996292,0.00986056817072,0.00766827346764,0.00553999761222,0.00914878230356,0.0052610430184,0.00812134157756,0.00465469625295,0.0136692068788
132,hottest,1.11022302463e-16,0.00919828604874,0.00951948186172,0.0114809115481,0.00782500042282,0.00910038384542,0.00937456056104,0.00558351789667,0.0105922220803,0.0106464075083,0.00970733225236
133,was,0.0,0.00747707150852,0.00362043858875,0.00841723060661,0.00997678793374,0.00259097417309,0.010931034412,0.0095024450583,0.00985644773554,0.0064880386627,0.00509535964541
134,speaking,0.0,0.00515407232662,0.0183251528379,0.0102691903987,0.00540141239047,0.00350499592574,0.0179569450679,0.0057907825368,0.0130911460211,0.00613401147115,0.0139253384234
135,mountains,0.0,0.00403381743388,0.0165159077315,0.00975038825167,0.010957307412,0.00938633204678,0.00514282062852,0.0190301310002,0.0082630489436,0.0154129218847,0.0120586897369
136,successfully,-2.22044604925e-16,0.010325403523,0.019206735512,0.00735337715039,0.0101484639984,0.0110908834221,0.0119566552946,0.00236261085388,0.0140452404417,0.00697790249861,0.00891846627997
137,knows,0.0,0.0071547066587,0.0172009200405,0.010427089026,0.00728082869922,0.00652009373286,0.00504534749145,0.00629383480985,0.00304064492434,0.00478974372083,0.0116967190298
138,gay,0.0,0.0237021598214,0.0251739407985,0.0241848147356,0.0361407578047,0.033785488155,0.0381035987808,0.0832614221805,0.0638334858636,0.0735985414819,0.0178405435311
139,that,0.0,0.000514192368409,0.00152450186594,0.00221974947115,0.0014511595479,0.00211271679424,0.00129348146379,0.00101983649969,0.00317835359747,0.0013547888881,0.00277673064168
140,snows,-2.22044604925e-16,0.00519058478617,0.0107847541741,0.00605809339545,0.00868290040586,0.00643593983884,0.0115108758264,0.00949613517433,0.0116883734975,0.0137464223507,0.0102887156061
141,spoken,1.11022302463e-16,0.00491109918425,0.00671950327313,0.0070699415375,0.0114863583727,0.00613351390331,0.0142330384311,0.00369692933695,0.00600504803265,0.0116176135534,0.00956560278763
142,ridden,0.0,0.00345351322173,0.011738948274,0.00348882353544,0.0055925987889,0.00863957152791,0.0134377013666,0.011744506139,0.00698254081038,0.00539086127203,0.0112224335636
143,carrying,0.0,0.0112853047769,0.00679503065463,0.00827680269955,0.0202903023658,0.0155436850893,0.0109390882516,0.0136452333237,0.0140187160776,0.00867497008876,0.0119727695583
144,covered,0.0,0.00254549804877,0.00409707661191,0.00532947129904,0.00932453974773,0.00506472237572,0.00964843673152,0.0045679299007,0.0082742635321,0.0028830473797,0.0084544912229
145,known,-4.4408920985e-16,0.00506562064779,0.00865935322549,0.00381472486266,0.00773326832908,0.00515522342598,0.0044592767831,0.00560812974314,0.00523040606115,0.00579776478621,0.00902954136942
146,angolian,-2.22044604925e-16,0.00479308014371,0.0113639033131,0.0057895864881,0.00678614560645,0.00578701260023,0.00694451293349,0.00953515108271,0.0053994841303,0.00852283414322,0.00504976265224
147,with,-2.22044604925e-16,0.00946042700508,0.00667834824356,0.004198674794,0.0106961757815,0.00603985855262,0.00490583154611,0.00834151680777,0.00856646241466,0.00536100707545,0.0132972763056
148,must,0.0,0.0072045251798,0.00754244946924,0.00568651819722,0.0113318684679,0.00392210781019,0.0123211195756,0.00533870898772,0.00590138841728,0.0034275613009,0.0101706072429
149,king,0.0,0.00187189729866,0.00279937117716,0.00182113128621,0.00305879932802,0.00240991365742,0.00240414990877,0.00267703773851,0.00196833670828,0.00299664434634,0.00278515519621
150,grew,0.0,0.00347091508584,0.0100627634412,0.00564691987687,0.00865476363994,0.00317268401752,0.00846177785295,0.00490306932442,0.00792960132846,0.0074730660594,0.0143439788979
151,unfortunately,1.11022302463e-16,0.0106278807109,0.0136089266662,0.00545856657526,0.0114222051121,0.0119679353808,0.00915688012246,0.013988573886,0.016676735929,0.00660574035323,0.0114690718791
152,rights,-2.22044604925e-16,0.0752975834772,0.118299609481,0.105616741495,0.085007796719,0.122829999702,0.0991218151912,0.0926361343079,0.0583872107183,0.131869681748,
153,this,1.11022302463e-16,0.00257976203774,0.00162876920643,0.00219402175426,0.00265800879428,0.00249294113532,0.00159364923285,0.00184147621268,0.0020555177585,0.00324359966708,0.00222203424321
154,ride,0.0,0.00659140032699,0.0090106569942,0.00551487127198,0.00592758183949,0.00694263587151,0.00361000536036,0.00547843965167,0.00453586704667,0.00604588217142,0.00323643706549
155,harder,4.4408920985e-16,0.0113366280427,0.005123886434,0.00603579489987,0.0102346730349,0.00604044045971,0.00520755712458,0.00585035715122,0.00834258802849,0.00351378474135,0.0167644275166
156,will,0.0,0.011529767388,0.0118951062232,0.00980865192865,0.0146929019175,0.00803785855507,0.00676986496105,0.0105793746378,0.00861859463936,0.00893557955852,0.0127433509873
157,below,-2.22044604925e-16,0.00282747823465,0.00348630543472,0.00210503223761,0.00266575498859,0.0027490533217,0.00248786118344,0.00249349844289,0.00235955535496,0.00312410269347,0.0024327332481
158,wearier,0.0,0.00762003396759,0.0181511594038,0.0147474185502,0.00696581175967,0.00877656828031,0.0117883013465,0.0121646344309,0.00530174202682,0.0157725838027,0.00941780595935
159,can,2.22044604925e-16,0.00291717897046,0.00914938804646,0.00675488653318,0.0143600303002,0.00475729575561,0.0116787830473,0.0069966447056,0.00449954614402,0.00738371079195,0.0071549994093
160,were,-2.22044604925e-16,0.00618111337888,0.010753827179,0.00376185233047,0.0158985546557,0.0108957751546,0.0148937946692,0.0137642432657,0.00941640293702,0.012247414276,0.00630079845801
161,growing,1.11022302463e-16,0.00594107410956,0.00947833029851,0.00638321150562,0.0100779836277,0.00863963704184,0.00772704270623,0.0050189261514,0.00982891811765,0.00642100902762,0.00872658699682
162,again,0.0,0.00792456900658,0.00720227468316,0.01304191522,0.00779826068137,0.0162631231122,0.0116625865286,0.0118704516039,0.0125895307294,0.0256578942653,0.00497585223224
163,and,-2.22044604925e-16,0.0679170340058,0.0372553015319,0.0176301396796,0.0364347944802,0.0163193150743,0.0253266086169,0.0202608895756,0.0142759043568,0.0252355574124,0.0158412234382
164,coconut,-2.22044604925e-16,0.00334967234567,0.00283645339089,0.00383112741596,0.00254243169734,0.00415214624318,0.00311049332872,0.00386898185701,0.00371294299429,0.00342036670975,0.00317294626558
165,pound,0.0,0.00109140155364,0.00317697368536,0.00276842696501,0.00209741180712,0.00350683150571,0.00147475349105,0.00145656416501,0.00176530313158,0.00219498824049,0.00500532883493
166,hotter,-2.22044604925e-16,0.0101618683,0.0125309546676,0.00524249002538,0.00668330754585,0.0081863299888,0.00347563421475,0.0105250835904,0.0067078174361,0.00694405148157,0.00999274554922
167,bloodiest,1.11022302463e-16,0.00724189435253,0.00812018740613,0.00778873858015,0.0195070545736,0.0113346674378,0.00985976483465,0.00995459409157,0.00519218274689,0.00893367431463,0.016515500292
168,migrate,-2.22044604925e-16,0.00909664893032,0.0072022499493,0.00669018206961,0.00921151841189,0.00889666320634,0.00671361348534,0.00538610061578,0.00447909454584,0.00795221630219,0.00963888312161
169,is,0.0,0.00320527827873,0.00232755769279,0.00291802316868,0.00309230314762,0.00258911552184,0.0021650814528,0.00394695048385,0.00254583925466,0.00250123323153,0.00291250381642
170,rode,0.0,0.00765068905399,0.00280491477907,0.00953966482359,0.00631631261179,0.00369967698935,0.0124398208632,0.00532558981037,0.00858523290568,0.0054910787545,0.00671397476521
171,it,0.0,0.00675290841804,0.00806601149983,0.00412851006345,0.00650754566658,0.00540532948469,0.00734835701491,0.0104538347059,0.00617756875588,0.00467549742104,0.01612451569
172,covers,0.0,0.00438983113883,0.00278497334883,0.000619462702361,0.00295067492856,0.00182353851616,0.00263370998522,0.00273128122256,0.00170489135692,0.000718345340778,0.00120695961721
173,hardest,0.0,0.00864383559207,0.00613780831797,0.00970973001236,0.0086568828078,0.00520670953693,0.00737549560964,0.0107053840677,0.00920427940152,0.00953716102632,0.00815159748494
174,at,0.0,0.00210036231608,0.00244272618121,0.00314993595231,0.00310701115148,0.00271251328404,0.00466920180892,0.00124383194766,0.00351170902561,0.00187112708986,0.00311597328139
175,have,0.0,0.00589703380599,0.00310954885245,0.00486938273413,0.0122118958918,0.00414562567729,0.00566264945409,0.00424060642739,0.00744110757487,0.00465794859674,0.0108611800384
176,further,-2.22044604925e-16,0.00514951668972,0.00933689652349,0.00835501413712,0.00811799880338,0.00861715359043,0.0179332687759,0.00750844022289,0.00427769992462,0.00660906837667,0.0105568709979
177,defeater,1.11022302463e-16,0.00140500438509,0.00329613119251,0.00314794511487,0.0017335194352,0.00213954493485,0.00350686865149,0.00304997227194,0.00307852428991,0.00198042037778,0.00280522962867
178,any,0.0,0.00146746207243,0.00256734977737,0.0021841355248,0.00229430485076,0.00186917172534,0.00101361915133,0.00170492392894,0.0013775028613,0.00316054030013,0.00119307195726
179,if,2.22044604925e-16,0.0134046243226,0.00674871104793,0.00673020132046,0.008170437579,0.00602787653839,0.0104259402898,0.0136053206832,0.0115701193014,0.00994918093998,0.0107971110307
180,grown,0.0,0.0079671836559,0.0135857381696,0.00973623420802,0.0175120800436,0.00577404735956,0.00789672019601,0.0106983289504,0.010566323009,0.00594052303724,0.0120011155985
181,sir,0.0,0.0135679515842,0.0638933399351,0.0740987483026,0.0176848780113,0.0138896642633,0.009190524085,0.0166866606118,0.0161024230712,0.00782673944194,0.0080695204385
182,nights,0.0,0.0056349804458,0.00328348781835,0.012100160945,0.00534220651382,0.0129380267521,0.00858929022802,0.00327040230372,0.00822465698552,0.00602555267872,0.00675492773473
183,winter,-2.22044604925e-16,0.00175204116418,0.00147478873421,0.00197461263033,0.00193933052609,0.00247727750857,0.00236430541238,0.00423450523173,0.00308891495099,0.00283141176394,0.0034929931721
184,no,0.0,0.00140132745314,0.00226615419771,0.00129225861415,0.00252246478287,0.00234288037418,0.00199983412315,0.00163985750421,0.00333640550359,0.00360132024953,0.00192812996075
185,suggest,-2.22044604925e-16,0.0057245707411,0.00434753655641,0.00847035742899,0.0041555631563,0.00490032380325,0.00892129319153,0.00873667035034,0.00581343655714,0.00726279481214,0.00721633250638
186,when,-2.22044604925e-16,0.013703859819,0.012423754071,0.00863907034456,0.00328072710007,0.00480869816026,0.0184366984875,0.00731067047144,0.00922900957171,0.00925176894038,0.012199658872
187,uther,1.11022302463e-16,0.00672857174555,0.00693215371746,0.0136007965212,0.0276608089835,0.0120786048824,0.00905218224167,0.0416655585734,0.00662596827903,0.0308792233642,0.00897024761485
188,patsy,0.0,0.00377053736171,0.00141227070992,0.00975677120008,0.00452559042058,0.0027005138338,0.00623660776385,0.00680698743653,0.00413132647009,0.00520903010969,0.00750005508903
189,how,-2.22044604925e-16,0.00802711140685,0.0122069890092,0.00839542402063,0.0072616510547,0.00932388228482,0.011682736864,0.00720125532336,0.00531964407082,0.0098238791942,0.00860499101465
190,hot,-2.22044604925e-16,0.00455508185135,0.0043306677618,0.00796947790317,0.010010160769,0.00672187897318,0.00264443563792,0.00564009429586,0.00647745708895,0.00533602112191,0.0152182246656
191,coconuts,0.0,0.00931876998309,0.0136175110282,0.00948468402539,0.00361378038428,0.00705674967531,0.0112215887901,0.00643295117182,0.00750023773751,0.00467558929306,0.00957219280531
192,sacred,0.0,0.0145047499402,0.00538280385596,0.0102216691919,0.00842043016452,0.006538950108,0.0127607068372,0.0075637092434,0.00856115486364,0.013376770578,0.0118182164108
193,speaks,-2.22044604925e-16,0.00437518346753,0.00484410912176,0.00537920308498,0.0119361762247,0.00660046377505,0.0126681431904,0.00526762686205,0.00885403210929,0.0164626648905,0.0105981403268
194,rides,0.0,0.00223455599247,0.00349679078683,0.00412162027735,0.00161757545528,0.00171312885575,0.00309240251013,0.0033788526309,0.00241706141757,0.00251807436025,0.00379658743251
195,grows,-2.22044604925e-16,0.0090588924109,0.00699867899654,0.0027004568099,0.00691973403579,0.00510139345338,0.00817698037593,0.00730279810419,0.0111136993183,0.0107454480427,0.0109572887604
196,either,1.11022302463e-16,0.00805600958628,0.010475066915,0.00439058196226,0.0048828429619,0.010888319033,0.00969734874071,0.00704288585141,0.00973671497283,0.0038128385975,0.0114995983122
197,shall,2.22044604925e-16,0.00619054589756,0.0110572018169,0.00523415316661,0.00657237807508,0.0104744747922,0.00894836351815,0.0103519402296,0.00505481580218,0.0101419190733,0.00818578159125
198,may,0.0,0.00610354883555,0.0083567258717,0.00839399123631,0.00709459396683,0.0067188899634,0.00759866280331,0.0042394918422,0.00618363005921,0.00376356281004,0.00464778595142
199,why,1.11022302463e-16,0.00656911344711,0.00996807535343,0.00432409379097,0.0127669747119,0.0130108700584,0.0104410219829,0.00887996889656,0.00713496026867,0.0059597292291,0.0171361389157
200,drink,0.0,0.00925914374437,0.00620719097119,0.00586627728288,0.00840633651708,0.00566979807959,0.00616590067319,0.0134890967689,0.00458359007532,0.00653171914612,0.00778979755249
201,fruit,0.0,0.00154880316746,0.00137099032227,0.00265205069295,0.00158094026385,0.00346384008292,0.00296418821932,0.00224112947681,0.00282553800722,0.00382538522541,0.00403962890984
202,eight,-2.22044604925e-16,0.00701198945598,0.0124866218952,0.00897469297719,0.00686684512587,0.00604917883828,0.0121611974458,0.0199362688605,0.012512203964,0.00539941857182,0.00979847514032
203,tinier,2.22044604925e-16,0.00484959087186,0.0199251855986,0.00877036362833,0.00991585457573,0.00552804220046,0.00635145217339,0.0123649713957,0.0138961076433,0.00545175576669,0.0152453017336
204,frequently,2.22044604925e-16,0.00407236165513,0.0104806397971,0.00423338676745,0.012606865991,0.00672540281183,0.00314631789836,0.00386697885893,0.00789331632784,0.0113241445647,0.0061185641456
205,lesbian,-2.22044604925e-16,0.149934181047,0.126198970615,0.152751258268,0.0967449852425,0.174874228103,0.069896356557,0.125278537171,0.131607291032,0.177050017176,
206,temperate,2.22044604925e-16,0.0090652062459,0.0095088013214,0.00596586090483,0.0123372800223,0.0059625141812,0.00757128657944,0.00943714618285,0.0145955133862,0.0057714546979,0.0134982208756
207,land,0.0,0.00336275265004,0.00365487688261,0.00332012204854,0.00258175437875,0.00278076393321,0.00232069088583,0.00227945837624,0.0038089704333,0.00215143625892,0.00401049208101
208,trustiest,-2.22044604925e-16,0.00479366686932,0.00792774683565,0.00775310145843,0.00403663784531,0.0100355216486,0.00841325751242,0.0142971054116,0.016671981043,0.00337271645918,0.00388427124805
209,cover,0.0,0.00920263217862,0.0102926181474,0.00864039812061,0.01031302742,0.00423435463138,0.0108557039719,0.00692273780366,0.0124484143299,0.00492453544671,0.00781541108818
210,guinevere,-2.22044604925e-16,0.00327975220226,0.00151097620918,0.00697435633711,0.00467918820914,0.00345953277785,0.0083108082725,0.00384814492129,0.00230148765236,0.00738589274109,0.00323222230084
211,so,-2.22044604925e-16,0.00708446313337,0.00766989041231,0.0068740470524,0.00521109616999,0.00715601512628,0.00711167658267,0.0129742569232,0.00407884469874,0.00505775442001,0.00994127838468
212,five,2.22044604925e-16,0.0114854027031,0.0105167153091,0.00990719020939,0.00877047402171,0.00596960771146,0.00946720897606,0.00271471586427,0.00903712818209,0.0148167537917,0.0124852727802
213,the,0.0,0.000706416387658,0.000879317680588,0.00208870250934,0.00205512832439,0.00194525125527,0.0014221861566,0.00266689351639,0.00135281957893,0.00164919774744,0.0017718017101
214,having,0.0,0.00411757031751,0.00511445397106,0.0113031507716,0.00791807642058,0.00405905417405,0.00620960869009,0.0100177426915,0.00834088250553,0.00542071553736,0.00866076200253
